{
  "voting_strategy": "weighted",
  "agent_weights": {
    "PPO": 0.1553818359260226,
    "DDPG": 0.4223090820369887,
    "A2C": 0.4223090820369887
  },
  "n_agents": 3,
  "agent_names": [
    "PPO",
    "DDPG",
    "A2C"
  ]
}