{
  "window_results": [
    {
      "window_idx": 0,
      "ppo_sharpe": 0.0,
      "ddpg_sharpe": -0.08489962667226791,
      "a2c_sharpe": 0.0,
      "ensemble_sharpe": 0.0
    },
    {
      "window_idx": 1,
      "ppo_sharpe": 0.0,
      "ddpg_sharpe": -0.2892703115940094,
      "a2c_sharpe": -0.2892703115940094,
      "ensemble_sharpe": 0.0
    },
    {
      "window_idx": 2,
      "ppo_sharpe": 0.0,
      "ddpg_sharpe": -0.2785102427005768,
      "a2c_sharpe": -0.2785102427005768,
      "ensemble_sharpe": -0.10601291805505753
    }
  ],
  "aggregated": {
    "total_windows": 3,
    "window_indices": [
      0,
      1,
      2
    ],
    "avg_ppo_sharpe": 0.0,
    "std_ppo_sharpe": 0.0,
    "min_ppo_sharpe": 0.0,
    "max_ppo_sharpe": 0.0,
    "median_ppo_sharpe": 0.0,
    "avg_ddpg_sharpe": -0.2175600603222847,
    "std_ddpg_sharpe": 0.09390789020029408,
    "min_ddpg_sharpe": -0.2892703115940094,
    "max_ddpg_sharpe": -0.08489962667226791,
    "median_ddpg_sharpe": -0.2785102427005768,
    "avg_a2c_sharpe": -0.18926018476486206,
    "std_a2c_sharpe": 0.13389923555562258,
    "min_a2c_sharpe": -0.2892703115940094,
    "max_a2c_sharpe": 0.0,
    "median_a2c_sharpe": -0.2785102427005768
  },
  "timestamp": "2026-02-10T21:25:36.752865",
  "pipeline_type": "rolling_window_ensemble"
}