{
  "voting_strategy": "weighted",
  "agent_weights": {
    "PPO": 0.26555685808896023,
    "DDPG": 0.1582272829163303,
    "A2C": 0.5762158589947095
  },
  "n_agents": 3,
  "agent_names": [
    "PPO",
    "DDPG",
    "A2C"
  ]
}