{
  "voting_strategy": "weighted",
  "agent_weights": {
    "PPO": 1.077310605667793,
    "DDPG": -1.0754207487230996,
    "A2C": 0.9981101430553065
  },
  "n_agents": 3,
  "agent_names": [
    "PPO",
    "DDPG",
    "A2C"
  ]
}