{
    "S_mean": 31.08694839477539,
    "S_std": 5.695568084716797,
    "S_max": 42.900001525878906,
    "K_mean": 31.63111114501953,
    "K_std": 6.625333786010742,
    "K_max": 60.83000183105469,
    "T_mean": 0.24052217602729797,
    "T_std": 0.35805293917655945,
    "T_max": 2.154761791229248,
    "r_mean": 0.10364896059036255,
    "r_std": 0.04296163097023964,
    "r_max": 0.14900000393390656,
    "q_mean": 0.36282879114151,
    "q_std": 0.31384092569351196,
    "q_max": 1.352187156677246,
    "y_mean": 0.07444320619106293,
    "y_std": 0.07893503457307816,
    "moneyness_mean": 0.9973267316818237,
    "asset_map": {
        "PETR": 0
    },
    "lstm_feat_mean": [
        9.953045810107142e-05,
        0.021318191662430763,
        0.020949432626366615,
        0.016085607931017876,
        19.970552444458008,
        0.000249691482167691
    ],
    "lstm_feat_std": [
        0.024368826299905777,
        0.012191178277134895,
        0.011845353990793228,
        0.009457038715481758,
        0.8065248131752014,
        0.04303682595491409
    ]
}