{
    "S_mean": 14.091382026672363,
    "S_std": 1.649735689163208,
    "S_max": 19.600000381469727,
    "K_mean": 14.548038482666016,
    "K_std": 2.293525218963623,
    "K_max": 26.06999969482422,
    "T_mean": 0.21346135437488556,
    "T_std": 0.3541531562805176,
    "T_max": 2.1507935523986816,
    "r_mean": 0.10378146171569824,
    "r_std": 0.04165639728307724,
    "r_max": 0.14900000393390656,
    "q_mean": 0.05711350589990616,
    "q_std": 0.014446553774178028,
    "q_max": 0.11951713263988495,
    "y_mean": 0.05776812136173248,
    "y_std": 0.06449569016695023,
    "moneyness_mean": 0.9803191423416138,
    "asset_map": {
        "ABEV": 0
    },
    "lstm_feat_mean": [
        -0.00011739334877347574,
        0.015997515991330147,
        0.016014648601412773,
        0.014612513594329357,
        19.5364990234375,
        0.00017110341286752373
    ],
    "lstm_feat_std": [
        0.017240112647414207,
        0.0067886533215641975,
        0.006507153622806072,
        0.007304924074560404,
        0.4435153603553772,
        0.04243851825594902
    ]
}