{
  "voting_strategy": "weighted",
  "agent_weights": {
    "PPO": 0.06957663940533225,
    "DDPG": 0.0,
    "A2C": 0.9304233605946678
  },
  "n_agents": 3,
  "agent_names": [
    "PPO",
    "DDPG",
    "A2C"
  ]
}