{
  "voting_strategy": "weighted",
  "agent_weights": {
    "PPO": 0.5780765713348849,
    "DDPG": -0.15615314266976987,
    "A2C": 0.5780765713348849
  },
  "n_agents": 3,
  "agent_names": [
    "PPO",
    "DDPG",
    "A2C"
  ]
}