{
  "voting_strategy": "weighted",
  "agent_weights": {
    "PPO": 0.06150403251702772,
    "DDPG": 0.46924798374148613,
    "A2C": 0.46924798374148613
  },
  "n_agents": 3,
  "agent_names": [
    "PPO",
    "DDPG",
    "A2C"
  ]
}