{
  "voting_strategy": "weighted",
  "agent_weights": {
    "PPO": 0.2458195096790391,
    "DDPG": 0.37709024516048045,
    "A2C": 0.37709024516048045
  },
  "n_agents": 3,
  "agent_names": [
    "PPO",
    "DDPG",
    "A2C"
  ]
}