{
  "voting_strategy": "weighted",
  "agent_weights": {
    "PPO": 0.402098424263438,
    "DDPG": -0.11995111012686384,
    "A2C": 0.7178526858634259
  },
  "n_agents": 3,
  "agent_names": [
    "PPO",
    "DDPG",
    "A2C"
  ]
}