{
  "voting_strategy": "weighted",
  "agent_weights": {
    "PPO": 0.4647599005681864,
    "DDPG": 0.08383064132299826,
    "A2C": 0.45140945810881533
  },
  "n_agents": 3,
  "agent_names": [
    "PPO",
    "DDPG",
    "A2C"
  ]
}