{
  "voting_strategy": "weighted",
  "agent_weights": {
    "PPO": 0.1439290086410157,
    "DDPG": 0.4280354956794921,
    "A2C": 0.4280354956794921
  },
  "n_agents": 3,
  "agent_names": [
    "PPO",
    "DDPG",
    "A2C"
  ]
}