{
  "voting_strategy": "weighted",
  "agent_weights": {
    "PPO": 0.8711803026745786,
    "DDPG": 0.0,
    "A2C": 0.12881969732542142
  },
  "n_agents": 3,
  "agent_names": [
    "PPO",
    "DDPG",
    "A2C"
  ]
}