{
  "voting_strategy": "weighted",
  "agent_weights": {
    "PPO": 1.4319515172366373,
    "DDPG": -0.21597575861831864,
    "A2C": -0.21597575861831864
  },
  "n_agents": 3,
  "agent_names": [
    "PPO",
    "DDPG",
    "A2C"
  ]
}