{
    "S_mean": 41.11164855957031,
    "S_std": 29.967914581298828,
    "K_mean": 41.016117095947266,
    "K_std": 30.292354583740234,
    "T_mean": 0.184001624584198,
    "T_std": 0.30334073305130005,
    "r_mean": 0.0905710980296135,
    "r_std": 0.047874223440885544,
    "q_mean": 0.0,
    "q_std": 0.0,
    "S_min": 1.3300000429153442,
    "S_max": 130.4600067138672,
    "K_min": 0.009999999776482582,
    "K_max": 215.0,
    "T_max": 2.154761791229248,
    "moneyness_mean": 1.068070650100708,
    "moneyness_std": 7.473486423492432,
    "asset_map": {
        "ABEV": 0,
        "B3SA": 1,
        "BBAS": 2,
        "BBDC": 3,
        "BOVA": 4,
        "CSNA": 5,
        "GGBR": 6,
        "ITUB": 7,
        "LREN": 8,
        "MGLU": 9,
        "PETR": 10,
        "SUZB": 11,
        "VALE": 12,
        "WEGE": 13
    },
    "y_mean": 0.10930756479501724,
    "y_std": 5.384979248046875,
    "y_min": 4.6511628170264885e-05,
    "y_max": 2635.997314453125
}