{
  "agent": "ddpg",
  "timestamp": "20260209_230837",
  "metrics": {
    "mean_reward": -0.499673455953598,
    "std_reward": 0.0,
    "mean_length": 152232.0,
    "min_reward": -0.499673455953598,
    "max_reward": -0.499673455953598
  }
}