{
  "voting_strategy": "weighted",
  "agent_weights": {
    "PPO": 0.21017940736208487,
    "DDPG": 0.5409864916210618,
    "A2C": 0.24883410101685327
  },
  "n_agents": 3,
  "agent_names": [
    "PPO",
    "DDPG",
    "A2C"
  ]
}