{
  "voting_strategy": "weighted",
  "agent_weights": {
    "PPO": 0.5608923420455436,
    "DDPG": 0.5434012101211815,
    "A2C": -0.10429355216672513
  },
  "n_agents": 3,
  "agent_names": [
    "PPO",
    "DDPG",
    "A2C"
  ]
}