{
    "S_mean": 69.95484161376953,
    "S_std": 15.61917781829834,
    "S_max": 118.72000122070312,
    "K_mean": 71.97450256347656,
    "K_std": 17.93357276916504,
    "K_max": 160.10000610351562,
    "T_mean": 0.18270811438560486,
    "T_std": 0.2566795349121094,
    "T_max": 2.1468253135681152,
    "r_mean": 0.10594069212675095,
    "r_std": 0.04167396202683449,
    "r_max": 0.14900000393390656,
    "q_mean": 0.12224460393190384,
    "q_std": 0.06253771483898163,
    "q_max": 0.32846948504447937,
    "y_mean": 0.05702608823776245,
    "y_std": 0.06621886044740677,
    "moneyness_mean": 0.9866476655006409,
    "asset_map": {
        "VALE": 0
    },
    "lstm_feat_mean": [
        -2.0130817574681714e-05,
        0.01870906725525856,
        0.018868591636419296,
        0.013325418345630169,
        18.60904312133789,
        0.00030821035034023225
    ],
    "lstm_feat_std": [
        0.020685981959104538,
        0.009162678383290768,
        0.008798780851066113,
        0.007491689175367355,
        2.5337843894958496,
        0.042650654911994934
    ]
}