{
  "voting_strategy": "weighted",
  "agent_weights": {
    "PPO": 0.3333333333333333,
    "DDPG": 0.3333333333333333,
    "A2C": 0.3333333333333333
  },
  "n_agents": 3,
  "agent_names": [
    "PPO",
    "DDPG",
    "A2C"
  ]
}