{
  "voting_strategy": "weighted",
  "agent_weights": {
    "PPO": 0.46741108282883875,
    "DDPG": 0.5325889171711613,
    "A2C": 0.0
  },
  "n_agents": 3,
  "agent_names": [
    "PPO",
    "DDPG",
    "A2C"
  ]
}