{
  "voting_strategy": "weighted",
  "agent_weights": {
    "PPO": -0.23558921109611317,
    "DDPG": 1.5023437544604301,
    "A2C": -0.2667545433643171
  },
  "n_agents": 3,
  "agent_names": [
    "PPO",
    "DDPG",
    "A2C"
  ]
}