{
  "voting_strategy": "weighted",
  "agent_weights": {
    "PPO": 0.0,
    "DDPG": 0.5948841272565059,
    "A2C": 0.40511587274349414
  },
  "n_agents": 3,
  "agent_names": [
    "PPO",
    "DDPG",
    "A2C"
  ]
}