{
  "voting_strategy": "weighted",
  "agent_weights": {
    "PPO": 0.0,
    "DDPG": 0.14068521469991924,
    "A2C": 0.8593147853000808
  },
  "n_agents": 3,
  "agent_names": [
    "PPO",
    "DDPG",
    "A2C"
  ]
}